[
    {
      "TEAMAB": "ATL",
      "FULLTEAM": "Atlanta Hawks"
    },
    {
      "TEAMAB": "BKN",
      "FULLTEAM": "Boston Celtics"
    },
    {
      "TEAMAB": "BOS",
      "FULLTEAM": "Brooklyn Nets"
    },
    {
      "TEAMAB": "CHA",
      "FULLTEAM": "Charlotte Hornets"
    },
    {
      "TEAMAB": "CHI",
      "FULLTEAM": "Chicago Bulls"
    },
    {
      "TEAMAB": "CLE",
      "FULLTEAM": "Cleveland Cavaliers"
    },
    {
      "TEAMAB": "DAL",
      "FULLTEAM": "Dallas Mavericks"
    },
    {
      "TEAMAB": "DEN",
      "FULLTEAM": "Denver Nuggets"
    },
    {
      "TEAMAB": "DET",
      "FULLTEAM": "Detroit Pistons"
    },
    {
      "TEAMAB": "GSW",
      "FULLTEAM": "Golden State Warriors"
    },
    {
      "TEAMAB": "HOU",
      "FULLTEAM": "Houston Rockets"
    },
    {
      "TEAMAB": "IND",
      "FULLTEAM": "Indiana Pacers"
    },
    {
      "TEAMAB": "LAC",
      "FULLTEAM": "Los Angeles Clippers"
    },
    {
      "TEAMAB": "LAL",
      "FULLTEAM": "Los Angeles Lakers"
    },
    {
      "TEAMAB": "MEM",
      "FULLTEAM": "Memphis Grizzlies"
    },
    {
      "TEAMAB": "MIA",
      "FULLTEAM": "Miami Heat"
    },
    {
      "TEAMAB": "MIL",
      "FULLTEAM": "Milwaukee Bucks "
    },
    {
      "TEAMAB": "MIN",
      "FULLTEAM": "Minnesota Timberwolves"
    },
    {
      "TEAMAB": "NO",
      "FULLTEAM": "New Orleans Pelicans"
    },
    {
      "TEAMAB": "NYK",
      "FULLTEAM": "New York Knicks"
    },
    {
      "TEAMAB": "OKC",
      "FULLTEAM": "Oklahoma City Thunder"
    },
    {
      "TEAMAB": "ORL",
      "FULLTEAM": "Orlando Magic"
    },
    {
      "TEAMAB": "PHI",
      "FULLTEAM": "Philadelphia 76ers"
    },
    {
      "TEAMAB": "PHX",
      "FULLTEAM": "Phoenix Suns"
    },
    {
      "TEAMAB": "POR",
      "FULLTEAM": "Portland Trail Blazers"
    },
    {
      "TEAMAB": "SA",
      "FULLTEAM": "Sacramento Kings"
    },
    {
      "TEAMAB": "SAC",
      "FULLTEAM": "San Antonio Spurs"
    },
    {
      "TEAMAB": "TOR",
      "FULLTEAM": "Toronto Raptors"
    },
    {
      "TEAMAB": "UTH",
      "FULLTEAM": "Utah Jazz"
    },
    {
      "TEAMAB": "WSH",
      "FULLTEAM": "Washington Wizards"
    }
   ]