ATL,Atlanta Hawks
BKN,Boston Celtics
BOS,Brooklyn Nets
CHA,Charlotte Hornets
CHI,Chicago Bulls
CLE,Cleveland Cavaliers
DAL,Dallas Mavericks
DEN,Denver Nuggets
DET,Detroit Pistons
GSW,Golden State Warriors
HOU,Houston Rockets
IND,Indiana Pacers
LAC,Los Angeles Clippers
LAL,Los Angeles Lakers
MEM,Memphis Grizzlies
MIA,Miami Heat
MIL,Milwaukee Bucks 
MIN,Minnesota Timberwolves
NO,New Orleans Pelicans
NYK,New York Knicks
OKC,Oklahoma City Thunder
ORL,Orlando Magic
PHI,Philadelphia 76ers
PHX,Phoenix Suns
POR,Portland Trail Blazers
SA,Sacramento Kings
SAC,San Antonio Spurs
TOR,Toronto Raptors
UTH,Utah Jazz
WSH,Washington Wizards